{
  "paisesEstadosCidades": {
    "Brasil": {
      "São Paulo": ["Adamantina", "Adolfo", "Aguaí", "Águas da Prata", "Águas de Lindóia", "Águas de Santa Bárbara", "Águas de São Pedro", "Agudos", "Alambari", "Alfredo Marcondes", "Altair", "Altinópolis", "Alto Alegre", "Alumínio", "Álvares Florence", "Álvares Machado", "Álvaro de Carvalho", "Alvinlândia", "Americana", "Américo Brasiliense", "Américo de Campos", "Amparo", "Analândia", "Andradina", "Angatuba", "Anhembi", "Anhumas", "Aparecida", "Aparecida d'Oeste", "Apiaí", "Araçariguama", "Araçatuba", "Araçoiaba da Serra", "Aramina", "Arandu", "Arapeí", "Araraquara", "Araras", "Arco-Íris", "Arealva", "Areias", "Areiópolis", "Ariranha", "Artur Nogueira", "Arujá", "Aspásia", "Assis", "Atibaia", "Auriflama", "Avaí", "Avanhandava", "Avaré", "Bady Bassitt", "Balbinos", "Bálsamo", "Bananal", "Barão de Antonina", "Barbosa", "Bariri", "Barra Bonita", "Barra do Chapéu", "Barra do Turvo", "Barretos", "Barrinha", "Barueri", "Bastos", "Batatais", "Bauru", "Bebedouro", "Bento de Abreu", "Bernardino de Campos", "Bertioga", "Bilac", "Birigui", "Biritiba-Mirim", "Boa Esperança do Sul", "Bocaina", "Bofete", "Boituva", "Bom Jesus dos Perdões", "Bom Sucesso de Itararé", "Borá", "Boracéia", "Borborema", "Borebi", "Botucatu", "Bragança Paulista", "Braúna", "Brejo Alegre", "Brodowski", "Brotas", "Buri", "Buritama", "Buritizal", "Cabrália Paulista", "Cabreúva", "Caçapava", "Cachoeira Paulista", "Caconde", "Cafelândia", "Caiabu", "Caieiras", "Caiuá", "Cajamar", "Cajati", "Cajobi", "Cajuru", "Campina do Monte Alegre", "Campinas", "Campo Limpo Paulista", "Campos do Jordão", "Cananéia", "Canas", "Cândido Mota", 
        "Cândido Rodrigues", "Canitar", "Capão Bonito", "Capela do Alto", "Capivari", "Caraguatatuba", "Carapicuíba", "Cardoso", "Casa Branca", "Cássia dos Coqueiros", "Castilho", "Catanduva", "Catiguá", "Cedral", "Cerqueira César", "Cerquilho", "Cesário Lange", "Charqueada", "Chavantes", "Clementina", "Colina", "Colômbia", "Conchal", "Conchas", "Cordeirópolis", "Coroados", "Coronel Macedo", "Corumbataí", "Cosmópolis", "Cosmorama", "Cotia", "Cravinhos", "Cristais Paulista", "Cruzália", "Cruzeiro", "Cubatão", "Cunha", "Descalvado", "Diadema", "Dirce Reis", "Divinolândia", "Dobrada", "Dois Córregos", "Dolcinópolis", "Dourado", "Dracena", "Duartina", "Dumont", "Echaporã", "Eldorado", "Elias Fausto", "Elisiário", "Embaúba", "Embu das Artes", "Embu-Guaçu", "Emilianópolis", "Engenheiro Coelho", "Espírito Santo do Pinhal", "Espírito Santo do Turvo", "Estiva Gerbi", "Estrela d'Oeste", "Estrela do Norte", "Euclides da Cunha Paulista", "Fartura", "Fernando Prestes", "Fernandópolis", "Fernão", "Ferraz de Vasconcelos", "Flora Rica", "Floreal", "Florínea", "Flórida Paulista", "Franca", "Francisco Morato", "Franco da Rocha", "Gabriel Monteiro", "Gália", "Garça", "Gastão Vidigal", "Gavião Peixoto", "General Salgado", "Getulina", "Glicério", "Guaiçara", "Guaimbê", "Guaíra", "Guapiaçu", "Guapiara", "Guará", "Guaraçaí", "Guaraci", "Guarani d'Oeste", "Guarantã", "Guararapes", "Guararema", "Guaratinguetá", "Guareí", "Guariba", "Guarujá", "Guarulhos", "Guatapará", "Guzolândia", "Herculândia", "Holambra", "Hortolândia", "Iacanga", "Iacri", "Iaras", "Ibaté", "Ibirá", "Ibirarema", "Ibitinga", "Ibiúna", 
        "Icém", "Iepê", "Igaraçu do Tietê", "Igarapava", "Igaratá", "Iguape", "Ilha Comprida", "Ilha Solteira", "Ilhabela", "Indaiatuba", "Indiana", "Indiaporã", "Inúbia Paulista", "Ipaussu", "Iperó", "Ipeúna", "Ipiguá", "Iporanga", "Ipuã", "Iracemápolis", "Irapuã", "Irapuru", "Itaberá", "Itaí", "Itajobi", "Itaju", "Itanhaém", "Itaoca", "Itapecerica da Serra", "Itapetininga", "Itapeva", "Itapevi", "Itapira", "Itapirapuã Paulista", "Itápolis", "Itaporanga", "Itapuí", "Itapura", "Itaquaquecetuba", "Itararé", "Itariri", "Itatiba", "Itatinga", "Itirapina", "Itirapuã", "Itobi", "Itu", "Itupeva", "Ituverava", "Jaborandi", "Jaboticabal", "Jacareí", "Jaci", "Jacupiranga", "Jaguariúna", "Jales", "Jambeiro", "Jandira", "Jardinópolis", "Jarinu", "Jaú", "Jeriquara", "Joanópolis", "João Ramalho", "José Bonifácio", "Júlio Mesquita", "Jumirim", "Jundiaí", "Junqueirópolis", "Juquiá", "Juquitiba", "Lagoinha", "Laranjal Paulista", "Lavínia", "Lavrinha", "Leme", "Lençóis Paulista", "Limeira", "Lindóia", "Lins", "Lorena", "Lourdes", "Louveira", "Lucélia", "Lucianópolis", "Luís Antônio", "Luiziânia", "Lupércio", "Lutécia", "Macatuba", "Macaubal", "Macedônia", "Magda", "Mairinque", "Mairiporã", "Manduri", "Marabá Paulista", "Maracaí", "Marapoama", "Mariápolis", "Marília", "Marinópolis", "Martinópolis", "Matão", "Mauá", "Mendonça", "Meridiano", "Mesópolis", "Miguelópolis", "Mineiros do Tietê", "Mira Estrela", "Miracatu", "Mirandópolis", "Mirante do Paranapanema", "Mirassol", "Mirassolândia", "Mococa", "Mogi das Cruzes", "Mogi Guaçu", "Mogi Mirim", "Mombuca", "Monções", "Mongaguá", "Monte Alegre do Sul", 
        "Monte Alto", "Monte Aprazível", "Monte Azul Paulista", "Monte Castelo", "Monte Mor", "Monteiro Lobato", "Morro Agudo", "Morungaba", "Motuca", "Murutinga do Sul", "Nantes", "Narandiba", "Natividade da Serra", "Nazaré Paulista", "Neves Paulista", "Nhandeara", "Nipoã", "Nova Aliança", "Nova Campina", "Nova Canaã Paulista", "Nova Castilho", "Nova Europa", "Nova Granada", "Nova Guataporanga", "Nova Independência", "Nova Luzitânia", "Nova Odessa", "Novais", "Novo Horizonte", "Nuporanga", "Ocauçu", "Óleo", "Olímpia", "Onda Verde", "Oriente", "Orindiúva", "Orlândia", "Osasco", "Oscar Bressane", "Osvaldo Cruz", "Ourinhos", "Ouro Verde", "Ouroeste", "Pacaembu", "Palestina", "Palmares Paulista", "Palmeira d'Oeste", "Palmital", "Panorama", "Paraguaçu Paulista", "Paraibuna", "Paraíso", "Paranapanema", "Paranapuã", "Parapuã", "Pardinho", "Pariquera-Açu", "Parisi", "Patrocínio Paulista", "Paulicéia", "Paulínia", "Paulistânia", "Paulo de Faria", "Pederneiras", "Pedra Bela", "Pedranópolis", "Pedregulho", "Pedreira", "Pedrinhas Paulista", "Pedro de Toledo", "Penápolis", "Pereira Barreto", "Pereiras", "Peruíbe", "Piacatu", "Piedade", "Pilar do Sul", "Pindamonhangaba", "Pindorama", "Pinhalzinho", "Piquerobi", "Piquete", "Piracaia", "Piracicaba", "Piraju", "Pirajuí", "Pirangi", "Pirapora do Bom Jesus", "Pirapozinho", "Pirassununga", "Piratininga", "Pitangueiras", "Planalto", "Platina", "Poá", "Poloni", "Pompéia", "Pongaí", "Pontal", "Pontalinda", "Pontes Gestal", "Populina", "Porangaba", "Porto Feliz", "Porto Ferreira", "Potim", "Potirendaba", "Pracinha", "Pradópolis", "Praia Grande", "Pratânia", 
        "Presidente Alves", "Presidente Bernardes", "Presidente Epitácio", "Presidente Prudente", "Presidente Venceslau", "Promissão", "Quadra", "Quatá", "Queiroz", "Queluz", "Quintana", "Rafard", "Rancharia", "Redenção da Serra", "Regente Feijó", "Reginópolis", "Registro", "Restinga", "Ribeira", "Ribeirão Bonito", "Ribeirão Branco", "Ribeirão Corrente", "Ribeirão do Sul", "Ribeirão dos Índios", "Ribeirão Grande", "Ribeirão Pires", "Ribeirão Preto", "Rifaina", "Rincão", "Rinópolis", "Rio Claro", "Rio das Pedras", "Rio Grande da Serra", "Riolândia", "Riversul", "Rosana", "Roseira", "Rubiácea", "Rubinéia", "Sabino", "Sagres", "Sales", "Sales Oliveira", "Salesópolis", "Salmourão", "Saltinho", "Salto", "Salto de Pirapora", "Salto Grande", "Sandovalina", "Santa Adélia", "Santa Albertina", "Santa Bárbara d'Oeste", "Santa Branca", "Santa Clara d'Oeste", "Santa Cruz da Conceição", "Santa Cruz da Esperança", "Santa Cruz das Palmeiras", "Santa Cruz do Rio Pardo", "Santa Ernestina", "Santa Fé do Sul", "Santa Gertrudes", "Santa Isabel", "Santa Lúcia", "Santa Maria da Serra", "Santa Mercedes", "Santa Rita d'Oeste", "Santa Rita do Passa Quatro", "Santa Rosa de Viterbo", "Santa Salete", "Santana da Ponte Pensa", "Santana de Parnaíba", "Santo Anastácio", "Santo André", "Santo Antônio da Alegria", "Santo Antônio de Posse", "Santo Antônio do Aracanguá", "Santo Antônio do Jardim", "Santo Antônio do Pinhal", "Santo Expedito", "Santópolis do Aguapeí", "Santos", "São Bento do Sapucaí", "São Bernardo do Campo", "São Caetano do Sul", "São Carlos", "São Francisco", "São João da Boa Vista", "São João das Duas Pontes", 
        "São João de Iracema", "São João do Pau d'Alho", "São Joaquim da Barra", "São José da Bela Vista", "São José do Barreiro", "São José do Rio Pardo", "São José do Rio Preto", "São José dos Campos", "São Lourenço da Serra", "São Luís do Paraitinga", "São Manuel", "São Miguel Arcanjo", "São Paulo", "São Pedro", "São Pedro do Turvo", "São Roque", "São Sebastião", "São Sebastião da Grama", "São Simão", "São Vicente", "Sarapuí", "Sarutaiá", "Sebastianópolis do Sul", "Serra Azul", "Serra Negra", "Serrana", "Sertãozinho", "Sete Barras", "Severínia", "Silveiras", "Socorro", "Sorocaba", "Sud Mennucci", "Sumaré", "Suzanápolis", "Suzano", "Tabapuã", "Tabatinga", "Taboão da Serra", "Taciba", "Taguaí", "Taiaçu", "Taiúva", "Tambaú", "Tanabi", "Tapiraí", "Tapiratiba", "Taquaral", "Taquaritinga", "Taquarituba", "Taquarivaí", "Tarabai", "Tarumã", "Tatuí", "Taubaté", "Tejupá", "Teodoro Sampaio", "Terra Roxa", "Tietê", "Timburi", "Torre de Pedra", "Torrinha", "Trabiju", "Tremembé", "Três Fronteiras", "Tuiuti", "Tupã", "Tupi Paulista", "Turiúba", "Turmalina", "Ubarana", "Ubatuba", "Ubirajara", "Uchoa", "União Paulista", "Urânia", "Uru", "Urupês", "Valentim Gentil", "Valinhos", "Valparaíso", "Vargem", "Vargem Grande do Sul", "Vargem Grande Paulista", "Várzea Paulista", "Vera Cruz", "Vinhedo", "Viradouro", "Vista Alegre do Alto", "Vitória Brasil", "Votorantim", "Votuporanga", "Zacarias"],
      "Rio de Janeiro": ["Rio de Janeiro", "Niterói", "Petrópolis", "Volta Redonda", "Macaé"],
      "Bahia": [
        "Salvador", "Feira de Santana", "Vitória da Conquista", "Camaçari", "Juazeiro", "Itabuna", "Lauro de Freitas", "Ilhéus", "Porto Seguro", "Barreiras", "Alagoinhas", "Jequié", "Teixeira de Freitas", "Paulo Afonso", "Eunápolis", "Simões Filho", "Guanambi", "Jacobina", "Serrinha", "Senhor do Bonfim"
      ],
      "Goiás": [
          "Goiânia", "Aparecida de Goiânia", "Anápolis", "Rio Verde", "Águas Lindas de Goiás", "Luziânia", "Valparaíso de Goiás", "Senador Canedo", "Trindade", "Formosa", "Catalão", "Itumbiara", "Jataí", "Planaltina", "Novo Gama", "Caldas Novas", "Cidade Ocidental", "Goianira", "Santo Antônio do Descoberto", "Goianésia",
          "Mineiros", "Cristalina", "Inhumas", "Morrinhos", "Jaraguá", "Quirinópolis", "Itaberaí", "Uruaçu", "Porangatu", "Santa Helena de Goiás", "Bela Vista de Goiás", "Iporá", "Padre Bernardo", "Goiatuba", "Posse", "São Luís de Montes Belos", "Palmeiras de Goiás", "Nerópolis", "Niquelândia", "Pires do Rio",
          "Hidrolândia", "Alexânia", "Pirenópolis", "Cocalzinho de Goiás", "Minaçu", "Itapuranga", "Ipameri", "Piracanjuba", "Bom Jesus de Goiás", "Goiás", "Silvânia", "Ceres", "Acreúna", "Abadia de Goiás", "São Miguel do Araguaia", "Itapaci", "Guapó", "Rubiataba", "Jussara", "Pontalina",
          "Aragarças", "Anicuns", "Campos Belos", "Indiara", "Abadiânia", "Crixás", "São Simão", "Orizona", "Vianópolis", "Caiapônia", "Mozarlândia", "São João d'Aliança", "Goianápolis", "Chapadão do Céu", "Flores de Goiás", "Caçu", "Uruana", "Nova Crixás", "Montividiu", "Campinorte",
          "Aragoiânia", "Rialma", "Edéia", "Piranhas", "Cachoeira Alta", "Alto Paraíso de Goiás", "Bonfinópolis", "Buriti Alegre", "Barro Alto", "Santa Terezinha de Goiás", "Mara Rosa", "Paraúna", "Corumbá de Goiás", "Iaciara", "Firminópolis", "Maurilândia", "Carmo do Rio Verde", "Nova Veneza", "Cavalcante", "Petrolina de Goiás"
      ],
      "Minas Gerais": ["Belo Horizonte", "Uberlândia", "Contagem", "Juiz de Fora", "Betim"],
      "Rio Grande do Sul": ["Porto Alegre", "Caxias do Sul", "Pelotas", "Canoas", "Santa Maria"],
      "Santa Catarina": ["Abdon Batista", "Abelardo Luz", "Agrolândia", "Agronômica", "Água Doce", "Águas de Chapecó", "Águas Frias", "Águas Mornas", "Alfredo Wagner", "Alto Bela Vista", "Anchieta", "Angelina", "Anita Garibaldi", "Anitápolis", "Antônio Carlos",
        "Apiúna", "Arabutã", "Araquari", "Araranguá", "Armazém", "Arroio Trinta", "Arvoredo", "Ascurra", "Atalanta", "Aurora", "Balneário Arroio do Silva", "Balneário Barra do Sul", "Balneário Camboriú", "Balneário Gaivota", "Balneário Piçarras",
        "Balneário Rincão", "Bandeirante", "Barra Bonita", "Barra Velha", "Bela Vista do Toldo", "Belmonte", "Benedito Novo", "Biguaçu", "Blumenau", "Bocaina do Sul", "Bom Jardim da Serra", "Bom Jesus", "Bom Jesus do Oeste", "Bom Retiro", "Bombinhas",
        "Botuverá", "Braço do Norte", "Braço do Trombudo", "Brunópolis", "Brusque", "Caçador", "Caibi", "Calmon", "Camboriú", "Campo Alegre", "Campo Belo do Sul", "Campo Erê", "Campos Novos", "Canelinha", "Canoinhas",
        "Capão Alto", "Capinzal", "Capivari de Baixo", "Catanduvas", "Caxambu do Sul", "Celso Ramos", "Cerro Negro", "Chapadão do Lageado", "Chapecó", "Cocal do Sul", "Concórdia", "Cordilheira Alta", "Coronel Freitas", "Coronel Martins", "Correia Pinto",
        "Corupá", "Criciúma", "Cunha Porã", "Cunhataí", "Curitibanos", "Descanso", "Dionísio Cerqueira", "Dona Emma", "Doutor Pedrinho", "Entre Rios", "Ermo", "Erval Velho", "Faxinal dos Guedes", "Flor do Sertão", "Florianópolis",
        "Formosa do Sul", "Forquilhinha", "Fraiburgo", "Frei Rogério", "Galvão", "Garopaba", "Garuva", "Gaspar", "Governador Celso Ramos", "Grão-Pará", "Gravatal", "Guabiruba", "Guaraciaba", "Guaramirim", "Guarujá do Sul",
        "Guatambu", "Herval d'Oeste", "Ibiam", "Ibicaré", "Ibirama", "Içara", "Ilhota", "Imaruí", "Imbituba", "Imbuia", "Indaial", "Iomerê", "Ipira", "Iporã do Oeste", "Ipuaçu",
        "Ipumirim", "Iraceminha", "Irani", "Irati", "Irineópolis", "Itá", "Itaiópolis", "Itajaí", "Itapema", "Itapiranga", "Itapoá", "Ituporanga", "Jaborá", "Jacinto Machado", "Jaguaruna",
        "Jaraguá do Sul", "Jardinópolis", "Joaçaba", "Joinville", "José Boiteux", "Jupiá", "Lacerdópolis", "Lages", "Laguna", "Lajeado Grande", "Laurentino", "Lauro Müller", "Lebon Régis", "Leoberto Leal", "Lindóia do Sul",
        "Lontras", "Luiz Alves", "Luzerna", "Macieira", "Mafra", "Major Gercino", "Major Vieira", "Maracajá", "Maravilha", "Marema", "Massaranduba", "Matos Costa", "Meleiro", "Mirim Doce", "Modelo",
        "Mondaí", "Monte Carlo", "Monte Castelo", "Morro da Fumaça", "Morro Grande", "Navegantes", "Nova Erechim", "Nova Itaberaba", "Nova Trento", "Nova Veneza", "Novo Horizonte", "Orleans", "Otacílio Costa", "Ouro", "Ouro Verde",
        "Paial", "Painel", "Palhoça", "Palma Sola", "Palmeira", "Palmitos", "Papanduva", "Paraíso", "Passo de Torres", "Passos Maia", "Paulo Lopes", "Pedras Grandes", "Penha", "Peritiba", "Pescaria Brava",
        "Petrolândia", "Pinhalzinho", "Pinheiro Preto", "Piratuba", "Planalto Alegre", "Pomerode", "Ponte Alta", "Ponte Alta do Norte", "Ponte Serrada", "Porto Belo", "Porto União", "Pouso Redondo", "Praia Grande", "Presidente Castello Branco", "Presidente Getúlio",
        "Presidente Nereu", "Princesa", "Quilombo", "Rancho Queimado", "Rio das Antas", "Rio do Campo", "Rio do Oeste", "Rio do Sul", "Rio dos Cedros", "Rio Fortuna", "Rio Negrinho", "Rio Rufino", "Riqueza", "Rodeio", "Romelândia",
        "Salete", "Saltinho", "Salto Veloso", "Sangão", "Santa Cecília", "Santa Helena", "Santa Rosa de Lima", "Santa Rosa do Sul", "Santa Terezinha", "Santa Terezinha do Progresso", "Santiago do Sul", "Santo Amaro da Imperatriz", "São Bento do Sul", "São Bernardino", "São Bonifácio",
        "São Carlos", "São Cristóvão do Sul", "São Domingos", "São Francisco do Sul", "São João do Itaperiú", "São João do Oeste", "São João Batista", "São Joaquim", "São José", "São José do Cedro", "São José do Cerrito", "São Lourenço do Oeste", "São Ludgero", "São Martinho", "São Miguel da Boa Vista",
        "São Miguel do Oeste", "São Pedro de Alcântara", "Saudades", "Schroeder", "Seara", "Serra Alta", "Siderópolis", "Sombrio", "Sul Brasil", "Taió", "Tangará", "Tigrinhos", "Tijucas", "Timbé do Sul", "Timbó",
        "Timbó Grande", "Três Barras", "Treviso", "Treze de Maio", "Treze Tílias", "Trombudo Central", "Tubarão", "Tunápolis", "Turvo", "União do Oeste", "Urubici", "Urupema", "Urussanga", "Vargeão", "Vargem",
        "Vargem Bonita", "Vidal Ramos", "Videira", "Vitor Meireles", "Witmarsum", "Xanxerê", "Xavantina", "Xaxim", "Zortéa"
      ],
      "Mato Grosso do Sul": ["Água Clara", "Alcinópolis", "Amambai", "Anastácio", "Anaurilândia", "Angélica", "Antônio João", "Aparecida do Taboado", "Aquidauana", "Aral Moreira", "Bandeirantes", "Bataguassu", "Batayporã", "Bela Vista", "Bodoquena", "Bonito", "Brasilândia", "Caarapó", "Camapuã", "Campo Grande",
          "Caracol", "Cassilândia", "Chapadão do Sul", "Corguinho", "Coronel Sapucaia", "Corumbá", "Costa Rica", "Coxim", "Deodápolis", "Dois Irmãos do Buriti", "Douradina", "Dourados", "Eldorado", "Fátima do Sul", "Figueirão", "Glória de Dourados", "Guia Lopes da Laguna", "Iguatemi", "Inocência", "Itaporã",
          "Itaquiraí", "Ivinhema", "Japorã", "Jaraguari", "Jardim", "Jateí", "Juti", "Ladário", "Laguna Carapã", "Maracaju", "Miranda", "Mundo Novo", "Naviraí", "Nioaque", "Nova Alvorada do Sul", "Nova Andradina", "Novo Horizonte do Sul", "Paraíso das Águas", "Paranaíba", "Paranhos",
          "Pedro Gomes", "Ponta Porã", "Porto Murtinho", "Ribas do Rio Pardo", "Rio Brilhante", "Rio Negro", "Rio Verde de Mato Grosso", "Rochedo", "Santa Rita do Pardo", "São Gabriel do Oeste", "Selvíria", "Sete Quedas", "Sidrolândia", "Sonora", "Tacuru", "Taquarussu", "Terenos", "Três Lagoas", "Vicentina"
      ],
      "Amazonas": [
          "Alvarães", "Amaturá", "Anamã", "Anori", "Apuí", "Atalaia do Norte", "Autazes", "Barcelos", "Barreirinha", "Benjamin Constant", "Beruri", "Boa Vista do Ramos", "Boca do Acre", "Borba", "Caapiranga", "Canutama", "Carauari", "Careiro", "Careiro da Várzea", "Coari",
          "Codajás", "Eirunepé", "Envira", "Fonte Boa", "Guajará", "Humaitá", "Ipixuna", "Iranduba", "Itacoatiara", "Itamarati", "Itapiranga", "Japurá", "Juruá", "Jutaí", "Lábrea", "Manacapuru", "Manaquiri", "Manaus", "Manicoré", "Maraã",
          "Maués", "Nhamundá", "Nova Olinda do Norte", "Novo Airão", "Novo Aripuanã", "Parintins", "Pauini", "Presidente Figueiredo", "Rio Preto da Eva", "Santa Isabel do Rio Negro", "Santo Antônio do Içá", "São Gabriel da Cachoeira", "São Paulo de Olivença", "São Sebastião do Uatumã", "Silves", "Tabatinga", "Tapauá", "Tefé", "Tonantins", "Uarini",
          "Urucará", "Urucurituba"
      ]
    },
    "Estados Unidos": {
      "Alabama": [
        "Birmingham", "Montgomery", "Mobile", "Huntsville", "Tuscaloosa",
        "Hoover", "Dothan", "Auburn", "Decatur", "Madison",
        "Florence", "Gadsden", "Prattville", "Phenix City", "Alabaster"
      ],
      "Alaska": [
        "Anchorage", "Fairbanks", "Juneau", "Wasilla", "Sitka",
        "Ketchikan", "Kenai", "Bethel", "Palmer", "Homer",
        "Unalaska", "Barrow", "Soldotna", "Valdez", "Nome"
      ],
      "Arizona": [
        "Phoenix", "Tucson", "Mesa", "Chandler", "Glendale",
        "Scottsdale", "Gilbert", "Tempe", "Peoria", "Surprise",
        "Yuma", "Avondale", "Flagstaff", "Goodyear", "Lake Havasu City",
        "Buckeye", "Casa Grande", "Sierra Vista", "Maricopa", "Prescott"
      ],
      "Arkansas": [
        "Little Rock", "Fort Smith", "Fayetteville", "Springdale", "Jonesboro",
        "North Little Rock", "Conway", "Rogers", "Pine Bluff", "Bentonville",
        "Hot Springs", "Benton", "Texarkana", "Sherwood", "Russellville",
        "Bella Vista", "Paragould", "Cabot", "Van Buren", "Searcy"
      ],
      "California": [
        "Los Angeles", "San Diego", "San Jose", "San Francisco", "Fresno",
        "Sacramento", "Long Beach", "Oakland", "Bakersfield", "Anaheim",
        "Santa Ana", "Riverside", "Stockton", "Irvine", "Chula Vista",
        "Fremont", "San Bernardino", "Modesto", "Fontana", "Oxnard",
        "Moreno Valley", "Huntington Beach", "Glendale", "Santa Clarita",
        "Garden Grove", "Oceanside", "Rancho Cucamonga", "Santa Rosa",
        "Ontario", "Elk Grove", "Corona", "Lancaster", "Palmdale",
        "Salinas", "Pomona", "Hayward", "Escondido", "Torrance",
        "Sunnyvale", "Orange", "Fullerton", "Pasadena", "Thousand Oaks",
        "Visalia", "Simi Valley", "Concord", "Roseville", "Victorville",
        "Santa Clara", "Vallejo", "Berkeley", "El Monte", "Downey",
        "Costa Mesa", "Inglewood", "Carlsbad", "Ventura", "Fairfield",
        "West Covina", "Murrieta", "Richmond", "Norwalk", "Antioch",
        "Temecula", "Burbank", "Daly City", "Rialto", "Santa Maria",
        "El Cajon", "San Mateo", "Clovis", "Compton", "Jurupa Valley",
        "Vista", "South Gate", "Mission Viejo", "Vacaville", "Carson",
        "Hesperia", "Redding", "Santa Monica", "Westminster", "Santa Barbara",
        "Chico", "Whittier", "Newport Beach", "San Leandro", "Hawthorne",
        "San Marcos", "Citrus Heights", "Alhambra", "Tracy", "Livermore",
        "Buena Park", "Lakewood", "Merced", "Hemet", "Chino",
        "Menifee", "Lake Forest", "Napa", "Redwood City", "Bellflower"
      ],
      "Colorado": [
        "Denver", "Colorado Springs", "Aurora", "Fort Collins", "Lakewood",
        "Thornton", "Arvada", "Westminster", "Pueblo", "Centennial",
        "Boulder", "Greeley", "Longmont", "Loveland", "Broomfield",
        "Grand Junction", "Castle Rock", "Commerce City", "Parker", "Littleton",
        "Northglenn", "Brighton", "Englewood", "Wheat Ridge", "Lafayette"
      ],
      "Connecticut": [
        "Bridgeport", "New Haven", "Hartford", "Stamford", "Waterbury",
        "Norwalk", "Danbury", "New Britain", "Bristol", "Meriden",
        "Milford", "West Haven", "Middletown", "Norwich", "Shelton"
      ],
      "Delaware": [
        "Wilmington", "Dover", "Newark", "Middletown", "Smyrna",
        "Milford", "Seaford", "Georgetown", "Elsmere", "New Castle",
        "Millsboro", "Laurel", "Harrington", "Camden", "Clayton"
      ],
      "Florida": [
        "Miami", "Orlando", "Tampa", "Jacksonville", "Fort Lauderdale",
        "St. Petersburg", "Hialeah", "Tallahassee", "Port St. Lucie",
        "Cape Coral", "Hollywood", "Gainesville", "Miramar", "Coral Springs",
        "Pembroke Pines", "Clearwater", "West Palm Beach", "Pompano Beach",
        "Palm Bay", "Lakeland", "Davie", "Miami Gardens", "Boca Raton",
        "Sunrise", "Plantation", "Melbourne", "Deerfield Beach", "Boynton Beach",
        "Lauderhill", "Weston", "Fort Myers", "Kissimmee", "Deltona",
        "Daytona Beach", "Titusville", "Ocala", "Palm Coast", "Sanford"
      ],
      "Georgia": [
        "Atlanta", "Augusta", "Columbus", "Macon", "Savannah",
        "Athens", "Sandy Springs", "Roswell", "Johns Creek", "Warner Robins",
        "Albany", "Alpharetta", "Marietta", "Smyrna", "Valdosta",
        "Brookhaven", "Dunwoody", "Peachtree Corners", "Gainesville", "Rome",
        "East Point", "Milton", "Newnan", "Carrollton", "Douglasville"
      ],
      "Hawaii": [
        "Honolulu", "Hilo", "Kailua", "Kapolei", "Kaneohe",
        "Pearl City", "Waipahu", "Mililani Town", "Kahului", "Kihei",
        "Lihue", "Wailuku", "Ewa Gentry", "Kailua (Hawaii)", "Schofield Barracks",
        "Makaha", "Wahiawa", "Nanakuli", "Waianae", "Laie"
      ],
      "Idaho": [
        "Boise", "Meridian", "Nampa", "Idaho Falls", "Pocatello",
        "Caldwell", "Coeur d'Alene", "Twin Falls", "Lewiston", "Rexburg",
        "Post Falls", "Moscow", "Eagle", "Kuna", "Ammon",
        "Chubbuck", "Hayden", "Blackfoot", "Garden City", "Jerome"
      ],
      "Illinois": [
        "Chicago", "Aurora", "Naperville", "Joliet", "Rockford",
        "Elgin", "Springfield", "Peoria", "Champaign", "Waukegan",
        "Cicero", "Bloomington", "Decatur", "Evanston", "Schaumburg",
        "Arlington Heights", "Bolingbrook", "Palatine", "Skokie", "Des Plaines",
        "Orland Park", "Tinley Park", "Oak Lawn", "Berwyn", "Mount Prospect"
      ],
      "Indiana": [
        "Indianapolis", "Fort Wayne", "Evansville", "South Bend", "Carmel",
        "Fishers", "Bloomington", "Hammond", "Gary", "Lafayette",
        "Muncie", "Terre Haute", "Kokomo", "Noblesville", "Anderson",
        "Greenwood", "Elkhart", "Mishawaka", "Lawrence", "Jeffersonville",
        "Columbus", "Portage", "New Albany", "Richmond", "Westfield"
      ],
      "Iowa": [
        "Des Moines", "Cedar Rapids", "Davenport", "Sioux City", "Iowa City",
        "Waterloo", "Council Bluffs", "Ames", "West Des Moines", "Dubuque",
        "Ankeny", "Urbandale", "Cedar Falls", "Marion", "Bettendorf",
        "Mason City", "Marshalltown", "Clinton", "Burlington", "Fort Dodge"
      ],
      "Kansas": [
        "Wichita", "Overland Park", "Kansas City", "Olathe", "Topeka",
        "Lawrence", "Shawnee", "Manhattan", "Lenexa", "Salina",
        "Hutchinson", "Leavenworth", "Leawood", "Garden City", "Dodge City",
        "Derby", "Emporia", "Gardner", "Prairie Village", "Junction City"
      ],
      "Kentucky": [
        "Louisville", "Lexington", "Bowling Green", "Owensboro", "Covington",
        "Richmond", "Georgetown", "Florence", "Hopkinsville", "Nicholasville",
        "Elizabethtown", "Henderson", "Frankfort", "Jeffersontown", "Paducah",
        "Independence", "Ashland", "Madisonville", "Winchester", "Erlanger"
      ],
      "Louisiana": [
        "New Orleans", "Baton Rouge", "Shreveport", "Lafayette", "Lake Charles",
        "Kenner", "Bossier City", "Monroe", "Alexandria", "Houma",
        "New Iberia", "Slidell", "Central", "Ruston", "Sulphur",
        "Hammond", "Gretna", "Opelousas", "Zachary", "Thibodaux"
      ],
      "Maine": [
        "Portland", "Lewiston", "Bangor", "South Portland", "Auburn",
        "Biddeford", "Sanford", "Brunswick", "Augusta", "Scarborough",
        "Saco", "Westbrook", "Waterville", "Presque Isle", "Brewer"
      ],
      "Maryland": [
        "Baltimore", "Frederick", "Rockville", "Gaithersburg", "Bowie",
        "Hagerstown", "Annapolis", "College Park", "Salisbury", "Laurel",
        "Greenbelt", "Cumberland", "Westminster", "Hyattsville", "Takoma Park",
        "Havre de Grace", "Mount Rainier", "Brunswick", "Frostburg", "Chesapeake Beach"
      ],
      "Massachusetts": [
        "Boston", "Worcester", "Springfield", "Cambridge", "Lowell",
        "Brockton", "Quincy", "Lynn", "New Bedford", "Fall River",
        "Lawrence", "Newton", "Somerville", "Framingham", "Haverhill",
        "Waltham", "Malden", "Brookline", "Revere", "Medford",
        "Taunton", "Chicopee", "Weymouth", "Peabody", "Methuen"
      ],
      "Michigan": [
        "Detroit", "Grand Rapids", "Warren", "Sterling Heights", "Ann Arbor",
        "Lansing", "Flint", "Dearborn", "Livonia", "Westland",
        "Troy", "Farmington Hills", "Kalamazoo", "Wyoming", "Southfield",
        "Rochester Hills", "Pontiac", "Taylor", "St. Clair Shores", "Royal Oak",
        "Novi", "Dearborn Heights", "Battle Creek", "Saginaw", "Kentwood"
      ],
      "Minnesota": [
        "Minneapolis", "St. Paul", "Rochester", "Duluth", "Bloomington",
        "Brooklyn Park", "Plymouth", "Maple Grove", "Woodbury", "St. Cloud",
        "Eagan", "Eden Prairie", "Coon Rapids", "Burnsville", "Blaine",
        "Lakeville", "Minnetonka", "Apple Valley", "Edina", "St. Louis Park",
        "Moorhead", "Mankato", "Maplewood", "Shakopee", "Cottage Grove"
      ],
      "Mississippi": [
        "Jackson", "Gulfport", "Southaven", "Biloxi", "Hattiesburg",
        "Meridian", "Tupelo", "Olive Branch", "Greenville", "Horn Lake",
        "Clinton", "Pearl", "Madison", "Ridgeland", "Starkville",
        "Vicksburg", "Pascagoula", "Columbus", "Long Beach", "Oxford"
      ],
      "Missouri": [
        "Kansas City", "St. Louis", "Springfield", "Columbia", "Independence",
        "Lee's Summit", "O'Fallon", "St. Joseph", "St. Charles", "St. Peters",
        "Blue Springs", "Florissant", "Joplin", "Chesterfield", "Jefferson City",
        "Cape Girardeau", "Wildwood", "University City", "Wentzville", "Ballwin"
      ],
      "Montana": [
        "Billings", "Missoula", "Great Falls", "Bozeman", "Butte",
        "Helena", "Kalispell", "Havre", "Anaconda", "Miles City",
        "Belgrade", "Livingston", "Laurel", "Whitefish", "Lewistown",
        "Sidney", "Glendive", "Columbia Falls", "Polson", "Hamilton"
      ],
      "Nebraska": [
        "Omaha", "Lincoln", "Bellevue", "Grand Island", "Kearney",
        "Fremont", "Norfolk", "North Platte", "Hastings", "Columbus",
        "Papillion", "La Vista", "Scottsbluff", "South Sioux City", "Beatrice",
        "Lexington", "Gering", "Blair", "Alliance", "McCook"
      ],
      "Nevada": [
        "Las Vegas", "Henderson", "Reno", "North Las Vegas", "Sparks",
        "Carson City", "Fernley", "Elko", "Mesquite", "Boulder City",
        "Fallon", "Winnemucca", "West Wendover", "Ely", "Yerington",
        "Carlin", "Lovelock", "Wells", "Caliente", "Battle Mountain"
      ],
      "New Hampshire": [
        "Manchester", "Nashua", "Concord", "Dover", "Rochester",
        "Keene", "Portsmouth", "Laconia", "Lebanon", "Claremont",
        "Somersworth", "Berlin", "Franklin", "Newport", "Plymouth"
      ],
      "New Jersey": [
        "Newark", "Jersey City", "Paterson", "Elizabeth", "Edison",
        "Woodbridge", "Lakewood", "Toms River", "Hamilton", "Trenton",
        "Clifton", "Camden", "Passaic", "Union City", "Bayonne",
        "East Orange", "Vineland", "New Brunswick", "Hoboken", "Perth Amboy",
        "West New York", "Plainfield", "Hackensack", "Sayreville", "Kearny"
      ],
      "New Mexico": [
        "Albuquerque", "Las Cruces", "Rio Rancho", "Santa Fe", "Roswell",
        "Farmington", "Clovis", "Hobbs", "Alamogordo", "Carlsbad",
        "Gallup", "Deming", "Los Lunas", "Chaparral", "Sunland Park",
        "Las Vegas", "Portales", "Artesia", "Lovington", "Silver City"
      ],
      "New York": [
        "New York City", "Buffalo", "Rochester", "Yonkers", "Syracuse",
        "Albany", "New Rochelle", "Mount Vernon", "Schenectady", "Utica",
        "White Plains", "Hempstead", "Troy", "Niagara Falls", "Binghamton",
        "Freeport", "Valley Stream", "Long Beach", "Rome", "North Tonawanda"
      ],
      "North Carolina": [
        "Charlotte", "Raleigh", "Greensboro", "Durham", "Winston-Salem",
        "Fayetteville", "Cary", "Wilmington", "High Point", "Greenville",
        "Asheville", "Concord", "Gastonia", "Jacksonville", "Chapel Hill",
        "Rocky Mount", "Burlington", "Wilson", "Huntersville", "Kannapolis",
        "Apex", "Hickory", "Goldsboro", "Salisbury", "Monroe"
      ],
      "North Dakota": [
        "Fargo", "Bismarck", "Grand Forks", "Minot", "West Fargo",
        "Williston", "Dickinson", "Mandan", "Jamestown", "Wahpeton",
        "Devils Lake", "Valley City", "Grafton", "Rugby", "Beulah",
        "Lincoln", "Casselton", "Stanley", "Harvey", "Hazen"
      ],
      "Ohio": [
        "Columbus", "Cleveland", "Cincinnati", "Toledo", "Akron",
        "Dayton", "Parma", "Canton", "Youngstown", "Lorain",
        "Hamilton", "Springfield", "Kettering", "Elyria", "Lakewood",
        "Cuyahoga Falls", "Middletown", "Newark", "Euclid", "Mansfield",
        "Mentor", "Beavercreek", "Strongsville", "Dublin", "Fairfield"
      ],
      "Oklahoma": [
        "Oklahoma City", "Tulsa", "Norman", "Broken Arrow", "Edmond",
        "Lawton", "Moore", "Midwest City", "Enid", "Stillwater",
        "Muskogee", "Bartlesville", "Shawnee", "Owasso", "Ponca City",
        "Yukon", "Ardmore", "Bixby", "Duncan", "Jenks"
      ],
      "Oregon": [
        "Portland", "Salem", "Eugene", "Gresham", "Hillsboro",
        "Beaverton", "Bend", "Medford", "Springfield", "Corvallis",
        "Albany", "Tigard", "Lake Oswego", "Keizer", "Grants Pass",
        "Oregon City", "McMinnville", "Redmond", "Tualatin", "West Linn"
      ],
      "Pennsylvania": [
        "Philadelphia", "Pittsburgh", "Allentown", "Erie", "Reading",
        "Scranton", "Bethlehem", "Lancaster", "Harrisburg", "Altoona",
        "York", "Wilkes-Barre", "Chester", "Williamsport", "Easton",
        "Hazleton", "New Castle", "Johnstown", "McKeesport", "Lebanon",
        "Pottsville", "Sharon", "Butler", "Washington", "St. Marys"
      ],
      "Rhode Island": [
        "Providence", "Warwick", "Cranston", "Pawtucket", "East Providence",
        "Woonsocket", "Newport", "Central Falls", "Westerly", "Barrington",
        "Bristol", "Narragansett", "Coventry", "North Providence", "South Kingstown",
        "West Warwick", "Johnston", "North Kingstown", "Middletown", "Tiverton"
      ],
      "South Carolina": [
        "Columbia", "Charleston", "North Charleston", "Mount Pleasant", "Rock Hill",
        "Greenville", "Summerville", "Sumter", "Hilton Head Island", "Florence",
        "Goose Creek", "Spartanburg", "Myrtle Beach", "Aiken", "Anderson",
        "Mauldin", "Greer", "Greenwood", "North Augusta", "Easley"
      ],
      "South Dakota": [
        "Sioux Falls", "Rapid City", "Aberdeen", "Brookings", "Watertown",
        "Mitchell", "Yankton", "Pierre", "Huron", "Spearfish",
        "Vermillion", "Brandon", "Box Elder", "Madison", "Sturgis",
        "Belle Fourche", "Harrisburg", "Tea", "Canton", "Lead"
      ],
      "Tennessee": [
        "Nashville", "Memphis", "Knoxville", "Chattanooga", "Clarksville",
        "Murfreesboro", "Franklin", "Jackson", "Johnson City", "Bartlett",
        "Hendersonville", "Kingsport", "Smyrna", "Collierville", "Cleveland",
        "Brentwood", "Columbia", "Gallatin", "Germantown", "La Vergne"
      ],
      "Texas": [
        "Houston", "San Antonio", "Dallas", "Austin", "Fort Worth",
        "El Paso", "Arlington", "Corpus Christi", "Plano", "Laredo",
        "Lubbock", "Garland", "Irving", "Amarillo", "Grand Prairie",
        "Brownsville", "McKinney", "Pasadena", "Frisco", "Mesquite",
        "Killeen", "McAllen", "Waco", "Carrollton", "Denton",
        "Midland", "Abilene", "Beaumont", "Odessa", "Round Rock",
        "Richardson", "Wichita Falls", "Lewisville", "Tyler", "College Station",
        "Pearland", "San Angelo", "Allen", "League City", "Sugar Land"
      ],
      "Utah": [
        "Salt Lake City", "West Valley City", "Provo", "West Jordan", "Orem",
        "Sandy", "Ogden", "St. George", "Layton", "Taylorsville",
        "South Jordan", "Lehi", "Logan", "Murray", "Draper",
        "Bountiful", "Riverton", "Roy", "Spanish Fork", "Pleasant Grove"
      ],
      "Vermont": [
        "Burlington", "South Burlington", "Rutland", "Barre", "Montpelier",
        "Winooski", "St. Albans", "Newport", "Vergennes", "Essex Junction",
        "Middlebury", "Bennington", "Brattleboro", "Hartford", "St. Johnsbury",
        "Springfield", "Morristown", "Lyndon", "Swanton", "Milton"
      ],
      "Virginia": [
        "Virginia Beach", "Norfolk", "Chesapeake", "Richmond", "Newport News",
        "Alexandria", "Hampton", "Roanoke", "Portsmouth", "Suffolk",
        "Lynchburg", "Harrisonburg", "Leesburg", "Charlottesville", "Danville",
        "Blacksburg", "Manassas", "Petersburg", "Fredericksburg", "Winchester",
        "Salem", "Staunton", "Fairfax", "Waynesboro", "Bristol"
      ],
      "Washington": [
        "Seattle", "Spokane", "Tacoma", "Vancouver", "Bellevue",
        "Kent", "Everett", "Renton", "Yakima", "Federal Way",
        "Spokane Valley", "Bellingham", "Kennewick", "Auburn", "Pasco",
        "Marysville", "Redmond", "Sammamish", "Lakewood", "Richland",
        "Shoreline", "Olympia", "Burien", "Lacey", "Kirkland"
      ],
      "West Virginia": [
        "Charleston", "Huntington", "Morgantown", "Parkersburg", "Wheeling",
        "Weirton", "Fairmont", "Martinsburg", "Beckley", "Clarksburg",
        "South Charleston", "St. Albans", "Vienna", "Bluefield", "Moundsville",
        "Bridgeport", "Oak Hill", "Dunbar", "Elkins", "Nitro"
      ],
      "Wisconsin": [
        "Milwaukee", "Madison", "Green Bay", "Kenosha", "Racine",
        "Appleton", "Waukesha", "Eau Claire", "Oshkosh", "Janesville",
        "West Allis", "La Crosse", "Sheboygan", "Wauwatosa", "Fond du Lac",
        "New Berlin", "Brookfield", "Wausau", "Menomonee Falls", "Beloit",
        "Greenfield", "Oak Creek", "Franklin", "Manitowoc", "West Bend"
      ],
      "Wyoming": [
        "Cheyenne", "Casper", "Laramie", "Gillette", "Rock Springs",
        "Sheridan", "Green River", "Evanston", "Riverton", "Jackson",
        "Cody", "Rawlins", "Lander", "Torrington", "Powell",
        "Douglas", "Worland", "Buffalo", "Wheatland", "Newcastle"
      ],
      "District of Columbia": [
        "Washington"
      ]
    },
    "Portugal": {
      "Lisboa": ["Lisboa", "Sintra", "Loures", "Amadora", "Oeiras"],
      "Porto": ["Porto", "Vila Nova de Gaia", "Matosinhos", "Gondomar", "Maia"],
      "Setúbal": ["Setúbal", "Almada", "Seixal", "Barreiro", "Montijo"],
      "Braga": ["Braga", "Guimarães", "Barcelos", "Famalicão", "Esposende"]
    },
    "Netherlands": {
        "Drenthe": [
            "Assen", "Emmen", "Hoogeveen", "Meppel", "Coevorden", "Borger-Odoorn"
        ],
        "Flevoland": [
            "Almere", "Lelystad", "Dronten", "Noordoostpolder", "Urk", "Zeewolde"
        ],
        "Friesland": [
            "Leeuwarden", "Heerenveen", "Sneek", "Drachten", "Harlingen", "Franeker"
        ],
        "Gelderland": [
            "Nijmegen", "Arnhem", "Apeldoorn", "Ede", "Doetinchem", "Zutphen", "Harderwijk", "Wageningen"
        ],
        "Groningen": [
            "Groningen", "Stadskanaal", "Veendam", "Delfzijl", "Hoogezand", "Winschoten"
        ],
        "Limburg": [
            "Maastricht", "Venlo", "Heerlen", "Sittard-Geleen", "Roermond", "Kerkrade", "Weert"
        ],
        "Noord-Brabant": [
            "Eindhoven", "Tilburg", "Breda", "Den Bosch", "Helmond", "Oss", "Roosendaal", "Bergen op Zoom"
        ],
        "Noord-Holland": [
            "Amsterdam", "Haarlem", "Hilversum", "Alkmaar", "Zaandam", "Hoorn", "Den Helder", "Purmerend"
        ],
        "Overijssel": [
            "Zwolle", "Enschede", "Hengelo", "Deventer", "Almelo", "Kampen"
        ],
        "Utrecht": [
            "Utrecht", "Amersfoort", "Veenendaal", "Zeist", "Nieuwegein", "Woerden"
        ],
        "Zeeland": [
            "Middelburg", "Vlissingen", "Goes", "Terneuzen", "Hulst"
        ],
        "Zuid-Holland": [
            "Rotterdam", "Den Haag", "Leiden", "Dordrecht", "Delft", "Gouda", "Zoetermeer", "Alphen aan den Rijn"
        ]
    },
    "England": {
        "Bedfordshire": ["Bedford", "Luton", "Dunstable", "Kempston", "Leighton Buzzard"],
        "Berkshire": ["Reading", "Slough", "Maidenhead", "Bracknell", "Newbury", "Windsor"],
        "Bristol": ["Bristol"],
        "Buckinghamshire": ["Milton Keynes", "Aylesbury", "High Wycombe", "Chesham", "Amersham"],
        "Cambridgeshire": ["Cambridge", "Peterborough", "Huntingdon", "Ely", "Wisbech"],
        "Cheshire": ["Chester", "Warrington", "Crewe", "Macclesfield", "Runcorn"],
        "Cornwall": ["Truro", "St Austell", "Falmouth", "Penzance", "Newquay"],
        "Cumbria": ["Carlisle", "Kendal", "Barrow-in-Furness", "Whitehaven", "Penrith"],
        "Derbyshire": ["Derby", "Chesterfield", "Glossop", "Buxton", "Matlock"],
        "Devon": ["Plymouth", "Exeter", "Torquay", "Paignton", "Barnstaple"],
        "Dorset": ["Bournemouth", "Poole", "Dorchester", "Weymouth", "Christchurch"],
        "Durham": ["Durham", "Darlington", "Hartlepool", "Stockton-on-Tees", "Bishop Auckland"],
        "East Sussex": ["Brighton", "Hove", "Eastbourne", "Hastings", "Lewes"],
        "East Riding of Yorkshire": ["Kingston upon Hull", "Beverley", "Goole", "Bridlington", "Driffield"],
        "Essex": ["Chelmsford", "Colchester", "Basildon", "Southend-on-Sea", "Harlow"],
        "Gloucestershire": ["Gloucester", "Cheltenham", "Stroud", "Cirencester", "Tewkesbury"],
        "Greater London": ["London", "Westminster", "Camden", "Greenwich", "Kensington"],
        "Greater Manchester": ["Manchester", "Salford", "Bolton", "Stockport", "Oldham", "Rochdale", "Bury", "Wigan"],
        "Hampshire": ["Southampton", "Portsmouth", "Winchester", "Basingstoke", "Aldershot"],
        "Herefordshire": ["Hereford", "Leominster", "Ross-on-Wye", "Ledbury", "Bromyard"],
        "Hertfordshire": ["Watford", "St Albans", "Hemel Hempstead", "Stevenage", "Hatfield"],
        "Isle of Wight": ["Newport", "Cowes", "Ryde", "Sandown", "Shanklin"],
        "Kent": ["Canterbury", "Maidstone", "Dover", "Ashford", "Dartford", "Sevenoaks", "Tonbridge"],
        "Lancashire": ["Lancaster", "Preston", "Blackpool", "Blackburn", "Burnley"],
        "Leicestershire": ["Leicester", "Loughborough", "Hinckley", "Market Harborough", "Melton Mowbray"],
        "Lincolnshire": ["Lincoln", "Grimsby", "Scunthorpe", "Boston", "Grantham"],
        "Merseyside": ["Liverpool", "Birkenhead", "Southport", "St Helens", "Wallasey"],
        "Norfolk": ["Norwich", "Great Yarmouth", "King's Lynn", "Thetford", "Dereham"],
        "North Yorkshire": ["York", "Harrogate", "Scarborough", "Middlesbrough", "Northallerton"],
        "Northamptonshire": ["Northampton", "Corby", "Kettering", "Wellingborough", "Daventry"],
        "Northumberland": ["Newcastle upon Tyne", "Morpeth", "Berwick-upon-Tweed", "Hexham", "Alnwick"],
        "Nottinghamshire": ["Nottingham", "Mansfield", "Worksop", "Retford", "Newark-on-Trent"],
        "Oxfordshire": ["Oxford", "Banbury", "Bicester", "Witney", "Abingdon"],
        "Rutland": ["Oakham", "Uppingham"],
        "Shropshire": ["Shrewsbury", "Telford", "Oswestry", "Bridgnorth", "Ludlow"],
        "Somerset": ["Bath", "Taunton", "Yeovil", "Weston-super-Mare", "Wells"],
        "South Yorkshire": ["Sheffield", "Doncaster", "Barnsley", "Rotherham"],
        "Staffordshire": ["Stafford", "Stoke-on-Trent", "Lichfield", "Burton upon Trent", "Tamworth"],
        "Suffolk": ["Ipswich", "Bury St Edmunds", "Lowestoft", "Felixstowe", "Sudbury"],
        "Surrey": ["Guildford", "Woking", "Surrey", "Epsom", "Camberley"],
        "Tyne and Wear": ["Newcastle upon Tyne", "Sunderland", "Gateshead", "South Shields", "North Shields"],
        "Warwickshire": ["Warwick", "Stratford-upon-Avon", "Rugby", "Nuneaton", "Leamington Spa"],
        "West Midlands": ["Birmingham", "Coventry", "Wolverhampton", "Dudley", "Walsall"],
        "West Sussex": ["Chichester", "Worthing", "Crawley", "Horsham", "Bognor Regis"],
        "West Yorkshire": ["Leeds", "Bradford", "Wakefield", "Halifax", "Huddersfield"],
        "Wiltshire": ["Salisbury", "Swindon", "Trowbridge", "Chippenham", "Marlborough"],
        "Worcestershire": ["Worcester", "Kidderminster", "Bromsgrove", "Redditch", "Malvern"]
    },
    "Ireland": {
        "Dublin": ["Dublin", "Swords", "Balbriggan", "Malahide", "Rush", "Skerries", "Portmarnock", "Donabate", "Lusk", "Kinsealy-Drinan", "Rathcoole"],
        "Cork": ["Cork", "Carrigaline", "Cobh", "Midleton", "Mallow", "Passage West", "Kinsale", "Bandon", "Fermoy", "Youghal", "Carrigtwohill"],
        "Galway": ["Galway", "Tuam", "Loughrea", "Oranmore", "Ballinasloe"],
        "Limerick": ["Limerick", "Newcastle West", "Shannon"],
        "Waterford": ["Waterford", "Dungarvan", "Tramore"],
        "Louth": ["Drogheda", "Dundalk", "Ardee"],
        "Meath": ["Navan", "Ashbourne", "Laytown-Bettystown", "Ratoath", "Trim", "Dunboyne", "Dunshaughlin", "Kells", "Nobber"],
        "Kildare": ["Naas", "Newbridge", "Celbridge", "Maynooth", "Leixlip", "Athy", "Kildare", "Clane", "Sallins", "Kilcock"],
        "Wicklow": ["Bray", "Greystones", "Arklow", "Wicklow", "Blessington"],
        "Clare": ["Ennis", "Shannon", "Kilrush", "Kilkee"],
        "Kerry": ["Tralee", "Killarney", "Listowel"],
        "Tipperary": ["Clonmel", "Nenagh", "Thurles", "Carrick-on-Suir", "Roscrea"],
        "Donegal": ["Letterkenny", "Buncrana", "Donegal", "Ballybofey", "Bundoran"],
        "Mayo": ["Castlebar", "Ballina", "Westport", "Claremorris"],
        "Wexford": ["Wexford", "Enniscorthy", "Gorey", "New Ross"],
        "Sligo": ["Sligo", "Tubbercurry"],
        "Laois": ["Portlaoise", "Portarlington"],
        "Offaly": ["Tullamore", "Edenderry", "Birr"],
        "Westmeath": ["Athlone", "Mullingar"],
        "Kilkenny": ["Kilkenny", "Callan"],
        "Carlow": ["Carlow", "Tullow"],
        "Cavan": ["Cavan", "Belturbet"],
        "Monaghan": ["Monaghan", "Carrickmacross", "Clones"],
        "Roscommon": ["Roscommon", "Boyle"],
        "Longford": ["Longford", "Granard"],
        "Leitrim": ["Carrick-on-Shannon", "Manorhamilton"],
        "Antrim": ["Belfast", "Lisburn", "Newtownabbey", "Ballymena", "Carrickfergus", "Antrim", "Larne"],
        "Down": ["Bangor", "Newtownards", "Newry", "Downpatrick", "Banbridge", "Warrenpoint"],
        "Derry": ["Derry", "Coleraine", "Limavady"],
        "Tyrone": ["Omagh", "Strabane", "Dungannon", "Cookstown"],
        "Armagh": ["Armagh", "Craigavon", "Portadown", "Lurgan"],
        "Fermanagh": ["Enniskillen"]
    },
    "Japan": {
        "Hokkaido": [
            "Sapporo", "Asahikawa", "Hakodate", "Kushiro", "Tomakomai", "Obihiro", "Otaru", "Kitami", "Ebetsu", "Muroran", "Iwamizawa", "Chitose", "Eniwa", "Nayoro", "Furano", "Wakkanai", "Abashiri", "Nemuro", "Rumoi", "Mombetsu"
        ],
        "Tohoku": [
            "Sendai", "Aomori", "Morioka", "Akita", "Yamagata", "Fukushima", "Hachinohe", "Koriyama", "Iwaki", "Hirosaki", "Ishinomaki", "Sakata", "Tsuruoka", "Yonezawa", "Kitakami", "Hanamaki", "Tendo", "Goshogawara", "Kesennuma", "Shiroishi"
        ],
        "Kanto": [
            "Tokyo", "Yokohama", "Kawasaki", "Saitama", "Chiba", "Sagamihara", "Funabashi", "Hachioji", "Kawaguchi", "Machida", "Utsunomiya", "Maebashi", "Mito", "Takasaki", "Kashiwa", "Tokorozawa", "Kawagoe", "Koshigaya", "Atsugi", "Yokosuka"
        ],
        "Chubu": [
            "Nagoya", "Shizuoka", "Hamamatsu", "Niigata", "Toyama", "Kanazawa", "Gifu", "Fukui", "Nagano", "Kofu", "Toyohashi", "Toyota", "Okazaki", "Ichinomiya", "Kasugai", "Matsumoto", "Joetsu", "Nagaoka", "Numazu", "Fujieda"
        ],
        "Kansai": [
            "Osaka", "Kobe", "Kyoto", "Sakai", "Himeji", "Nishinomiya", "Amagasaki", "Higashiosaka", "Hirakata", "Takatsuki", "Nara", "Otsu", "Wakayama", "Kishiwada", "Toyonaka", "Suita", "Ibaraki", "Neyagawa", "Kakogawa", "Uji"
        ],
        "Chugoku": [
            "Hiroshima", "Okayama", "Kurashiki", "Fukuyama", "Shimonoseki", "Kure", "Matsue", "Tottori", "Yonago", "Iwakuni", "Onomichi", "Tsuyama", "Izumo", "Hofu", "Yamaguchi", "Hatsukaichi", "Masuda", "Hamada", "Takahashi", "Soja"
        ],
        "Shikoku": [
            "Matsuyama", "Takamatsu", "Kochi", "Tokushima", "Imabari", "Marugame", "Niihama", "Saijo", "Naruto", "Uwajima", "Kanonji", "Yawatahama", "Anan", "Mima", "Ozu", "Shikokuchuo", "Miyoshi", "Sakaide", "Zentsuji", "Tosashimizu"
        ],
        "Kyushu & Okinawa": [
            "Fukuoka", "Kitakyushu", "Kumamoto", "Kagoshima", "Nagasaki", "Oita", "Miyazaki", "Naha", "Kurume", "Sasebo", "Omuta", "Beppu", "Karatsu", "Isahaya", "Miyakonojo", "Nobeoka", "Kanoya", "Kagoshima", "Okinawa", "Urasoe"
        ]
    },
    "China": {
      "Municipalidades Diretas": [
            "Shanghai", "Beijing", "Tianjin", "Chongqing"
        ],
        "Guangdong": [
            "Guangzhou", "Shenzhen", "Dongguan", "Foshan", "Huizhou", "Zhongshan", "Shantou", "Zhuhai", "Jiangmen", "Zhaoqing", "Maoming", "Yangjiang", "Yunfu", "Shaoguan", "Meizhou", "Heyuan", "Shanwei", "Chaozhou", "Jieyang", "Qingyuan"
        ],
        "Jiangsu": [
            "Suzhou", "Nanjing", "Wuxi", "Changzhou", "Nantong", "Xuzhou", "Yancheng", "Yangzhou", "Zhenjiang", "Taizhou", "Lianyungang", "Suqian", "Huai'an", "Kunshan", "Jiangyin", "Zhangjiagang", "Yixing", "Changshu", "Taicang", "Rugao"
        ],
        "Zhejiang": [
            "Hangzhou", "Ningbo", "Wenzhou", "Shaoxing", "Jiaxing", "Taizhou", "Jinhua", "Huzhou", "Quzhou", "Zhoushan", "Lishui", "Yiwu", "Cixi", "Yuyao", "Ruian", "Yueqing", "Haining", "Tongxiang", "Fenghua", "Lin'an"
        ],
        "Shandong": [
            "Qingdao", "Jinan", "Yantai", "Weifang", "Linyi", "Zibo", "Jining", "Taian", "Weihai", "Dongying", "Rizhao", "Binzhou", "Liaocheng", "Dezhou", "Heze", "Zaozhuang", "Laiwu", "Penglai", "Qixia", "Shouguang"
        ],
        "Sichuan": [
            "Chengdu", "Mianyang", "Deyang", "Yibin", "Luzhou", "Nanchong", "Leshan", "Zigong", "Panzhihua", "Neijiang", "Guang'an", "Suining", "Meishan", "Guangyuan", "Ya'an", "Bazhong", "Dazhou", "Ziyang", "Xichang", "Jiangyou"
        ],
        "Hubei": [
            "Wuhan", "Xiangyang", "Yichang", "Jingzhou", "Shiyan", "Huanggang", "Xiaogan", "Jingmen", "Ezhou", "Xianning", "Suizhou", "Enshi", "Danjiangkou", "Laohekou", "Zaoyang", "Yidu", "Dangyang", "Zhijiang", "Honghu", "Songzi"
        ],
        "Henan": [
            "Zhengzhou", "Luoyang", "Nanyang", "Xuchang", "Xinxiang", "Anyang", "Kaifeng", "Pingdingshan", "Jiaozuo", "Luohe", "Zhoukou", "Zhumadian", "Shangqiu", "Sanmenxia", "Puyang", "Hebi", "Dengfeng", "Gongyi", "Xingyang", "Xinzheng"
        ],
        "Hebei": [
            "Shijiazhuang", "Tangshan", "Baoding", "Handan", "Zhangjiakou", "Qinhuangdao", "Cangzhou", "Xingtai", "Langfang", "Hengshui", "Chengde", "Zhuozhou", "Dingzhou", "Xinji", "Anping", "Botou", "Renqiu", "Huanghua", "Sanhe", "Bazhou"
        ],
        "Fujian": [
            "Fuzhou", "Xiamen", "Quanzhou", "Zhangzhou", "Putian", "Longyan", "Sanming", "Nanping", "Ningde", "Jinjiang", "Shishi", "Fuqing", "Changle", "Minhou", "Fuan", "Fuding", "Shaowu", "Wuyishan", "Jian'ou", "Yongan"
        ],
        "Hunan": [
            "Changsha", "Zhuzhou", "Xiangtan", "Hengyang", "Yueyang", "Changde", "Chenzhou", "Shaoyang", "Yiyang", "Loudi", "Huaihua", "Yongzhou", "Zhangjiajie", "Xiangxiang", "Liling", "Leiyang", "Changning", "Wugang", "Miluo", "Linxiang"
        ],
        "Shaanxi": [
            "Xi'an", "Xianyang", "Baoji", "Weinan", "Hanzhong", "Yulin", "Ankang", "Shangluo", "Tongchuan", "Yan'an", "Xingping", "Huayin", "Hancheng", "Shenmu", "Fuping", "Lantian", "Zhouzhi", "Chang'an", "Lintong", "Gaoling"
        ],
        "Liaoning": [
            "Shenyang", "Dalian", "Anshan", "Fushun", "Benxi", "Dandong", "Jinzhou", "Yingkou", "Fuxin", "Liaoyang", "Panjin", "Tieling", "Chaoyang", "Huludao", "Wafangdian", "Haicheng", "Dashiqiao", "Zhuanghe", "Donggang", "Fengcheng"
        ],
        "Heilongjiang": [
            "Harbin", "Daqing", "Qiqihar", "Mudanjiang", "Jiamusi", "Jixi", "Hegang", "Shuangyashan", "Yichun", "Qitaihe", "Heihe", "Suihua", "Beian", "Wudalianchi", "Zhaodong", "Anda", "Hailin", "Ning'an", "Fujin", "Tieli"
        ],
        "Jilin": [
            "Changchun", "Jilin", "Siping", "Liaoyuan", "Tonghua", "Baishan", "Songyuan", "Baicheng", "Yanji", "Gongzhuling", "Meihekou", "Shulan", "Jiutai", "Dehui", "Jiaohe", "Huadian", "Panshi", "Linjiang", "Longjing", "Hunchun"
        ],
        "Shanxi": [
            "Taiyuan", "Datong", "Yangquan", "Changzhi", "Jincheng", "Shuozhou", "Jinzhong", "Yuncheng", "Xinzhou", "Linfen", "Lüliang", "Gujiao", "Lucheng", "Gaoping", "Jiexiu", "Yongji", "Hejin", "Houma", "Huo", "Fenyang"
        ],
        "Guangxi": [
            "Nanning", "Liuzhou", "Guilin", "Wuzhou", "Beihai", "Fangchenggang", "Qinzhou", "Guigang", "Yulin", "Baise", "Hezhou", "Hechi", "Laibin", "Chongzuo", "Guiping", "Cenxi", "Dongxing", "Pingxiang", "Heshan", "Beiliu"
        ],
        "Yunnan": [
            "Kunming", "Qujing", "Yuxi", "Baoshan", "Zhaotong", "Lijiang", "Pu'er", "Lincang", "Chuxiong", "Gejiu", "Kaiyuan", "Dali", "Jinghong", "Ruili", "Mangshi", "Xuanwei", "Anning", "Tengchong", "Wenshan", "Mile"
        ],
        "Guizhou": [
            "Guiyang", "Zunyi", "Liupanshui", "Anshun", "Bijie", "Tongren", "Xingyi", "Kaili", "Duyun", "Fuquan", "Chishui", "Renhuai", "Qingzhen", "Panzhou", "Weining", "Nayong", "Yuping", "Wuchuan", "Daozhen", "Zheng'an"
        ],
        "Jiangxi": [
            "Nanchang", "Ganzhou", "Jiujiang", "Yichun", "Fuzhou", "Shangrao", "Jian", "Pingxiang", "Xinyu", "Jingdezhen", "Yingtan", "Zhangshu", "Gao'an", "Fengcheng", "Leping", "Ruichang", "Dexing", "Guixi", "Ruijin", "Nankang"
        ],
        "Anhui": [
            "Hefei", "Wuhu", "Bengbu", "Huainan", "Ma'anshan", "Huaibei", "Tongling", "Anqing", "Huangshan", "Chuzhou", "Fuyang", "Suzhou", "Lu'an", "Bozhou", "Chizhou", "Xuancheng", "Chaohu", "Jieshou", "Mingguang", "Tianchang"
        ],
        "Inner Mongolia": [
            "Hohhot", "Baotou", "Chifeng", "Ordos", "Hulunbuir", "Tongliao", "Ulanqab", "Bayannur", "Wuhai", "Xilinhot", "Manzhouli", "Erenhot", "Yakeshi", "Zhalantun", "Genhe", "Ergun", "Fengzhen", "Arxan", "Ulanhot", "Erenhot"
        ],
        "Xinjiang": [
            "Urumqi", "Karamay", "Turpan", "Hami", "Hotan", "Kashgar", "Aksu", "Korla", "Yining", "Tacheng", "Altay", "Shihezi", "Aral", "Tumxuk", "Wujiaqu", "Beitun", "Tiemenguan", "Shuanghe", "Kokdala", "Kunyu"
        ],
        "Gansu": [
            "Lanzhou", "Tianshui", "Baiyin", "Jinchang", "Jiayuguan", "Wuwei", "Zhangye", "Pingliang", "Jiuquan", "Qingyang", "Dingxi", "Longnan", "Linxia", "Hezuo", "Yumen", "Dunhuang", "Jinchang", "Kangle", "Minqin", "Huating"
        ],
        "Ningxia": [
            "Yinchuan", "Shizuishan", "Wuzhong", "Zhongwei", "Guyuan", "Qingtongxia", "Lingwu", "Xiji", "Longde", "Jingyuan", "Pengyang", "Yanchi", "Tongxin", "Haiyuan", "Helan", "Yongning", "Pingluo", "Hongsi", "Taiyangshan", "Mayanchi"
        ],
        "Qinghai": [
            "Xining", "Haixi", "Haidong", "Yushu", "Golog", "Huangnan", "Hainan", "Haibei", "Golmud", "Delingha", "Menyuan", "Qilian", "Huzhu", "Minhe", "Xunhua", "Hualong", "Datong", "Tongren", "Guide", "Jianzha"
        ],
        "Tibet": [
            "Lhasa", "Shigatse", "Qamdo", "Nyingchi", "Shannan", "Nagqu", "Ngari", "Dagze", "Doilungdêqên", "Chengguan", "Bayi", "Zetang", "Gonggar", "Xigazê", "Samzhubzê", "Kamba", "Damxung", "Nyêmo", "Qüxü", "Maizhokunggar"
        ],
        "Hainan": [
            "Haikou", "Sanya", "Danzhou", "Wuzhishan", "Wenchang", "Qionghai", "Wanning", "Dongfang", "Lingao", "Chengmai", "Ding'an", "Tunchang", "Baoting", "Qiongzhong", "Baisha", "Changjiang", "Ledong", "Lingshui", "Sansha"
        ]
    }
  },
  "paises": ["Brasil", "Estados Unidos", "Portugal", "Japan", "China", "Ireland", "England", "Netherlands"]
}